{
	"partitions" : [
		{
			"name" : "Top",
			"pins" : [
				{
					"name" : "N[0]",
					"strict" : false
				},
				{
					"name" : "N[1]",
					"strict" : false
				},
				{
					"name" : "E[0]",
					"strict" : false
				},
				{
					"name" : "E[1]",
					"strict" : false
				},
				{
					"name" : "S[0]",
					"strict" : false
				},
				{
					"name" : "S[1]",
					"strict" : false
				},
				{
					"name" : "W[0]",
					"strict" : false
				},
				{
					"name" : "W[1]",
					"strict" : false
				},
				{
					"name" : "reset",
					"strict" : false
				},
				{
					"name" : "clock",
					"strict" : false
				}
			]
		}
	]
}