{
	"partitions" : [
		{
			"name" : "Top",
			"pins" : [
				{
					"name" : "small_word[0]",
					"strict" : false
				},
				{
					"name" : "small_word[1]",
					"strict" : false
				},
				{
					"name" : "small_word[2]",
					"strict" : false
				},
				{
					"name" : "small_word[3]",
					"strict" : false
				},
				{
					"name" : "small_word[4]",
					"strict" : false
				},
				{
					"name" : "small_word[5]",
					"strict" : false
				},
				{
					"name" : "small_word[6]",
					"strict" : false
				},
				{
					"name" : "small_word[7]",
					"strict" : false
				},
				{
					"name" : "small_word[8]",
					"strict" : false
				},
				{
					"name" : "small_word[9]",
					"strict" : false
				},
				{
					"name" : "small_word[10]",
					"strict" : false
				},
				{
					"name" : "small_word[11]",
					"strict" : false
				},
				{
					"name" : "small_word[12]",
					"strict" : false
				},
				{
					"name" : "big_word[0]",
					"strict" : false
				},
				{
					"name" : "big_word[1]",
					"strict" : false
				},
				{
					"name" : "big_word[2]",
					"strict" : false
				},
				{
					"name" : "big_word[3]",
					"strict" : false
				},
				{
					"name" : "big_word[4]",
					"strict" : false
				},
				{
					"name" : "big_word[5]",
					"strict" : false
				},
				{
					"name" : "big_word[6]",
					"strict" : false
				},
				{
					"name" : "big_word[7]",
					"strict" : false
				},
				{
					"name" : "big_word[8]",
					"strict" : false
				},
				{
					"name" : "big_word[9]",
					"strict" : false
				},
				{
					"name" : "big_word[10]",
					"strict" : false
				},
				{
					"name" : "big_word[11]",
					"strict" : false
				},
				{
					"name" : "big_word[12]",
					"strict" : false
				},
				{
					"name" : "word1[0]",
					"strict" : false
				},
				{
					"name" : "word2[0]",
					"strict" : false
				},
				{
					"name" : "u1",
					"strict" : false
				},
				{
					"name" : "word2[3]",
					"strict" : false
				},
				{
					"name" : "word1[3]",
					"strict" : false
				},
				{
					"name" : "word2[2]",
					"strict" : false
				},
				{
					"name" : "word1[2]",
					"strict" : false
				},
				{
					"name" : "word2[1]",
					"strict" : false
				},
				{
					"name" : "word1[1]",
					"strict" : false
				},
				{
					"name" : "word1[4]",
					"strict" : false
				},
				{
					"name" : "word2[4]",
					"strict" : false
				},
				{
					"name" : "sw2[1]",
					"strict" : false
				},
				{
					"name" : "word2[11]",
					"strict" : false
				},
				{
					"name" : "sw2[0]",
					"strict" : false
				},
				{
					"name" : "word2[10]",
					"strict" : false
				},
				{
					"name" : "sw1[0]",
					"strict" : false
				},
				{
					"name" : "word1[10]",
					"strict" : false
				},
				{
					"name" : "sw1[1]",
					"strict" : false
				},
				{
					"name" : "word1[11]",
					"strict" : false
				},
				{
					"name" : "sw1[2]",
					"strict" : false
				},
				{
					"name" : "word1[12]",
					"strict" : false
				},
				{
					"name" : "sw2[2]",
					"strict" : false
				},
				{
					"name" : "word2[12]",
					"strict" : false
				},
				{
					"name" : "u2",
					"strict" : false
				},
				{
					"name" : "word1[5]",
					"strict" : false
				},
				{
					"name" : "word2[5]",
					"strict" : false
				},
				{
					"name" : "word1[6]",
					"strict" : false
				},
				{
					"name" : "word2[6]",
					"strict" : false
				},
				{
					"name" : "word1[7]",
					"strict" : false
				},
				{
					"name" : "word2[7]",
					"strict" : false
				},
				{
					"name" : "word1[8]",
					"strict" : false
				},
				{
					"name" : "word2[8]",
					"strict" : false
				},
				{
					"name" : "word1[9]",
					"strict" : false
				},
				{
					"name" : "word2[9]",
					"strict" : false
				}
			]
		}
	]
}